MnO2,Pour Density,Surface Area,Water Uptake,Electrolyte Uptake,Conductivity
80,0.641465116,103.884,37.3502994,29.08680947,0.018843742
80,0.542790698,28.394,22.13570634,21.90942472,1.150285708
80,0.37355814,14.922,27.67605634,16.70281996,0.424388502
